[{"id":"user-image-149285.png","publicUrl":"np://user.desktop.nicepage.com/Site_88432675/images/149285.png","size":2747,"hash":"sUhahj7KFFt3Wi7JYDQrCi5o6nc=","fileName":"149285.png","name":"149285","width":128,"height":128,"thumbnail":{"url":"np://user.desktop.nicepage.com/Site_88432675/images/thumbnails/149285.png","width":128,"height":128,"length":2747,"type":"png"},"usages":["206825022"]},{"id":"user-image-20230123-OC3A9633_HDR.jpg","publicUrl":"np://user.desktop.nicepage.com/Site_88432675/images/20230123-OC3A9633_HDR.jpg","size":3876815,"hash":"9nacqjiSs0fc4CgzSPENZ7Shmew=","fileName":"20230123-OC3A9633_HDR.jpg","name":"20230123-OC3A9633_HDR","width":2878,"height":1918,"thumbnail":{"url":"np://user.desktop.nicepage.com/Site_88432675/images/thumbnails/20230123-OC3A9633_HDR.jpg","width":250,"height":167},"usages":["32803660"]},{"id":"user-image-logo.jpg","publicUrl":"np://user.desktop.nicepage.com/Site_88432675/images/logo.jpg","size":39441,"hash":"Ev2oyxX7LfE+t9z/Ku/FUsC7U6M=","fileName":"logo.jpg","name":"logo","width":929,"height":329,"thumbnail":{"url":"np://user.desktop.nicepage.com/Site_88432675/images/thumbnails/logo.jpg","width":250,"height":89},"usages":[]},{"id":"user-image-whg2.png","publicUrl":"np://user.desktop.nicepage.com/Site_88432675/images/whg2.png","size":3243894,"hash":"CBXHxbK/cSohMhstm9JGO54Ylt4=","fileName":"whg2.png","name":"whg2","width":3840,"height":2160,"thumbnail":{"url":"np://user.desktop.nicepage.com/Site_88432675/images/thumbnails/whg2.png","width":250,"height":141},"usages":["587409992"]},{"id":"user-image-149444.png","publicUrl":"np://user.desktop.nicepage.com/Site_88432675/images/149444.png","size":3093,"hash":"XIefvf+lHH13kjO60ImMhumKJM8=","fileName":"149444.png","name":"149444","width":128,"height":128,"thumbnail":{"url":"np://user.desktop.nicepage.com/Site_88432675/images/thumbnails/149444.png","width":128,"height":128,"length":3093,"type":"png"},"usages":["587409992"]},{"id":"user-image-template.png","publicUrl":"np://user.desktop.nicepage.com/Site_88432675/images/template.png","size":3162646,"hash":"X7huvSTIie1U/TVQkusEeFjA+/w=","fileName":"template.png","name":"template","width":3840,"height":2160,"thumbnail":{"url":"np://user.desktop.nicepage.com/Site_88432675/images/thumbnails/template.png","width":250,"height":141},"usages":["206825022"]},{"id":"user-image-149347.png","publicUrl":"np://user.desktop.nicepage.com/Site_88432675/images/149347.png","size":1552,"hash":"lj0xZJN8Qs8GirkubGz+7H7MjsU=","fileName":"149347.png","name":"149347","width":128,"height":128,"thumbnail":{"url":"np://user.desktop.nicepage.com/Site_88432675/images/thumbnails/149347.png","width":128,"height":128,"length":1552,"type":"png"},"usages":["206825022"]},{"id":"user-image-416dc736addc6bc82d1191a58767efb1.jpg","publicUrl":"np://user.desktop.nicepage.com/Site_88432675/images/416dc736addc6bc82d1191a58767efb1.jpg","size":260866,"hash":"fB2dwCeWFAP8FX8hytb5BwThVWk=","fileName":"416dc736addc6bc82d1191a58767efb1.jpg","name":"416dc736addc6bc82d1191a58767efb1","width":960,"height":638,"thumbnail":{"url":"np://user.desktop.nicepage.com/Site_88432675/images/thumbnails/416dc736addc6bc82d1191a58767efb1.jpg","width":250,"height":166},"usages":["61759246"]},{"id":"user-image-263069.png","publicUrl":"np://user.desktop.nicepage.com/Site_88432675/images/263069.png","size":3038,"hash":"EDI3wNL+o5F63l0UpkeThy3di70=","fileName":"263069.png","name":"263069","width":128,"height":128,"thumbnail":{"url":"np://user.desktop.nicepage.com/Site_88432675/images/thumbnails/263069.png","width":128,"height":128,"length":3038,"type":"png"},"usages":["206825022"]},{"id":"user-image-988ea3f50f3bb4ba9b04cb7ea547ae61.jpg","publicUrl":"np://user.desktop.nicepage.com/Site_88432675/images/988ea3f50f3bb4ba9b04cb7ea547ae61.jpg","size":160066,"hash":"X7rC5Maaxj/eBepSsG5sv1JDQTI=","fileName":"988ea3f50f3bb4ba9b04cb7ea547ae61.jpg","name":"988ea3f50f3bb4ba9b04cb7ea547ae61","width":960,"height":646,"thumbnail":{"url":"np://user.desktop.nicepage.com/Site_88432675/images/thumbnails/988ea3f50f3bb4ba9b04cb7ea547ae61.jpg","width":250,"height":168},"usages":["74332988"]},{"id":"user-image-bfe9ebedc411288b529e6b18c4e75c0e.jpg","publicUrl":"np://user.desktop.nicepage.com/Site_88432675/images/bfe9ebedc411288b529e6b18c4e75c0e.jpg","size":205967,"hash":"/rr5c1sgw9YC22Uu+x/rOG3Y7dk=","fileName":"bfe9ebedc411288b529e6b18c4e75c0e.jpg","name":"bfe9ebedc411288b529e6b18c4e75c0e","width":960,"height":564,"thumbnail":{"url":"np://user.desktop.nicepage.com/Site_88432675/images/thumbnails/bfe9ebedc411288b529e6b18c4e75c0e.jpg","width":250,"height":147},"usages":["253541571"]},{"id":"user-image-1200px-Oregon_Pioneer_statue_close_up.JPG","publicUrl":"np://user.desktop.nicepage.com/Site_88432675/images/1200px-Oregon_Pioneer_statue_close_up.JPG","size":73753,"hash":"RytIqyUOXbH82swXGK3D4yBI0lg=","fileName":"1200px-Oregon_Pioneer_statue_close_up.JPG","name":"1200px-Oregon_Pioneer_statue_close_up","width":1200,"height":803,"thumbnail":{"url":"np://user.desktop.nicepage.com/Site_88432675/images/thumbnails/1200px-Oregon_Pioneer_statue_close_up.JPG","width":250,"height":167},"usages":["40599851"]},{"id":"user-image-263115.png","publicUrl":"np://user.desktop.nicepage.com/Site_88432675/images/263115.png","size":2034,"hash":"c4LNSO3FOR9hua0sLpSgpS5DbfE=","fileName":"263115.png","name":"263115","width":128,"height":128,"thumbnail":{"url":"np://user.desktop.nicepage.com/Site_88432675/images/thumbnails/263115.png","width":128,"height":128,"length":2034,"type":"png"},"usages":["206825022"]},{"id":"user-image-9ee8bb3799235fc185655b85c7556054.jpg","publicUrl":"np://user.desktop.nicepage.com/Site_88432675/images/9ee8bb3799235fc185655b85c7556054.jpg","size":198110,"hash":"7lm/ENdT+aZ9YJVKJ2l2ORKmKho=","fileName":"9ee8bb3799235fc185655b85c7556054.jpg","name":"9ee8bb3799235fc185655b85c7556054","width":600,"height":800,"thumbnail":{"url":"np://user.desktop.nicepage.com/Site_88432675/images/thumbnails/9ee8bb3799235fc185655b85c7556054.jpg","width":188,"height":250},"usages":["763629166"]},{"id":"user-image-d4d5c47bde3c1da0c56d3e937a471cc8.jpg","publicUrl":"np://user.desktop.nicepage.com/Site_88432675/images/d4d5c47bde3c1da0c56d3e937a471cc8.jpg","size":176547,"hash":"E0nKchNkNgpWiIgoGXBQGQtovAQ=","fileName":"d4d5c47bde3c1da0c56d3e937a471cc8.jpg","name":"d4d5c47bde3c1da0c56d3e937a471cc8","width":600,"height":800,"thumbnail":{"url":"np://user.desktop.nicepage.com/Site_88432675/images/thumbnails/d4d5c47bde3c1da0c56d3e937a471cc8.jpg","width":188,"height":250},"usages":["763629166"]},{"id":"user-image-9b04c76a4b8cc3215ca33354631bb67f.jpg","publicUrl":"np://user.desktop.nicepage.com/Site_88432675/images/9b04c76a4b8cc3215ca33354631bb67f.jpg","size":186281,"hash":"QSrjZl+OOQdGYx7nFDfPIbXtZiM=","fileName":"9b04c76a4b8cc3215ca33354631bb67f.jpg","name":"9b04c76a4b8cc3215ca33354631bb67f","width":600,"height":800,"thumbnail":{"url":"np://user.desktop.nicepage.com/Site_88432675/images/thumbnails/9b04c76a4b8cc3215ca33354631bb67f.jpg","width":188,"height":250},"usages":["763629166"]},{"id":"user-image-7f41a25ef6ee8095694650ba1ce90692.jpg","publicUrl":"np://user.desktop.nicepage.com/Site_88432675/images/7f41a25ef6ee8095694650ba1ce90692.jpg","size":90285,"hash":"G5b2w2DSUVwRxHhiQjgsQl4k//I=","fileName":"7f41a25ef6ee8095694650ba1ce90692.jpg","name":"7f41a25ef6ee8095694650ba1ce90692","width":600,"height":450,"thumbnail":{"url":"np://user.desktop.nicepage.com/Site_88432675/images/thumbnails/7f41a25ef6ee8095694650ba1ce90692.jpg","width":250,"height":188},"usages":["763629166"]},{"id":"user-image-bd12392ef8da7d7a5a5b2677248f36d1.jpg","publicUrl":"np://user.desktop.nicepage.com/Site_88432675/images/bd12392ef8da7d7a5a5b2677248f36d1.jpg","size":43360,"hash":"odn5kyWMKqv2LJt8lOtVnnd8aC0=","fileName":"bd12392ef8da7d7a5a5b2677248f36d1.jpg","name":"bd12392ef8da7d7a5a5b2677248f36d1","width":600,"height":600,"thumbnail":{"url":"np://user.desktop.nicepage.com/Site_88432675/images/thumbnails/bd12392ef8da7d7a5a5b2677248f36d1.jpg","width":250,"height":250},"usages":["763629166"]},{"id":"user-image-488b4a8ea0ec6d283e83ce7f676a6ea3.jpg","publicUrl":"np://user.desktop.nicepage.com/Site_88432675/images/488b4a8ea0ec6d283e83ce7f676a6ea3.jpg","size":118360,"hash":"uYOLQjSZFxMqTvpUTXaykXXRxFA=","fileName":"488b4a8ea0ec6d283e83ce7f676a6ea3.jpg","name":"488b4a8ea0ec6d283e83ce7f676a6ea3","width":600,"height":800,"thumbnail":{"url":"np://user.desktop.nicepage.com/Site_88432675/images/thumbnails/488b4a8ea0ec6d283e83ce7f676a6ea3.jpg","width":188,"height":250},"usages":["763629166"]},{"id":"user-image-149193.png","publicUrl":"np://user.desktop.nicepage.com/Site_88432675/images/149193.png","size":2670,"hash":"ND6HH3RMJo2O+I8MMKGqpxGJNVc=","fileName":"149193.png","name":"149193","width":128,"height":128,"thumbnail":{"url":"np://user.desktop.nicepage.com/Site_88432675/images/thumbnails/149193.png","width":128,"height":128,"length":2670,"type":"png"},"usages":["206825022"]},{"id":"user-image-107818.png","publicUrl":"np://user.desktop.nicepage.com/Site_88432675/images/107818.png","size":2069,"hash":"FqKZoSwzAimbrod2IMakS7rY1jY=","fileName":"107818.png","name":"107818","width":128,"height":128,"thumbnail":{"url":"np://user.desktop.nicepage.com/Site_88432675/images/thumbnails/107818.png","width":128,"height":128,"length":2069,"type":"png"},"usages":["206825022"]},{"id":"user-image-864685.png","publicUrl":"np://user.desktop.nicepage.com/Site_88432675/images/864685.png","size":2545,"hash":"hBhEtujYVqXKUJnFHAddEJ3ikvI=","fileName":"864685.png","name":"864685","width":128,"height":128,"thumbnail":{"url":"np://user.desktop.nicepage.com/Site_88432675/images/thumbnails/864685.png","width":128,"height":128,"length":2545,"type":"png"},"usages":["206825022"]},{"id":"user-image-522561.png","publicUrl":"np://user.desktop.nicepage.com/Site_88432675/images/522561.png","size":1415,"hash":"VJPqizuBwj78+y5LIJqle9MkPuM=","fileName":"522561.png","name":"522561","width":128,"height":128,"thumbnail":{"url":"np://user.desktop.nicepage.com/Site_88432675/images/thumbnails/522561.png","width":128,"height":128,"length":1415,"type":"png"},"usages":["206825022"]},{"id":"user-image-2956792.png","publicUrl":"np://user.desktop.nicepage.com/Site_88432675/images/2956792.png","size":2889,"hash":"sFQYOahgW+GBkthUkjT9PA6X844=","fileName":"2956792.png","name":"2956792","width":128,"height":128,"thumbnail":{"url":"np://user.desktop.nicepage.com/Site_88432675/images/thumbnails/2956792.png","width":128,"height":128,"length":2889,"type":"png"},"usages":["206825022"]},{"id":"user-image-Untitled.jpg","publicUrl":"np://user.desktop.nicepage.com/Site_88432675/images/Untitled.jpg","size":25195,"hash":"0XajGKTRuxGRtrM/mW0oRiylzc8=","fileName":"Untitled.jpg","name":"Untitled","width":976,"height":176,"thumbnail":{"url":"np://user.desktop.nicepage.com/Site_88432675/images/thumbnails/Untitled.jpg","width":250,"height":45},"usages":["20782724"]},{"id":"user-image-64d5d519c0e1126e0325ab693e70d0fe.jpg","publicUrl":"np://user.desktop.nicepage.com/Site_88432675/images/64d5d519c0e1126e0325ab693e70d0fe.jpg","size":88165,"hash":"GSrOnLpfGu9iwUphcC2NZn/aGpA=","fileName":"64d5d519c0e1126e0325ab693e70d0fe.jpg","name":"64d5d519c0e1126e0325ab693e70d0fe","width":960,"height":540,"thumbnail":{"url":"np://user.desktop.nicepage.com/Site_88432675/images/thumbnails/64d5d519c0e1126e0325ab693e70d0fe.jpg","width":250,"height":141},"usages":["497708089"]},{"id":"user-image-82c4f9623df19b4cab7d6254544340dd.jpg","publicUrl":"np://user.desktop.nicepage.com/Site_88432675/images/82c4f9623df19b4cab7d6254544340dd.jpg","size":24145,"hash":"spnSWeV+8KAmMgz6r8U50KuDXZo=","fileName":"82c4f9623df19b4cab7d6254544340dd.jpg","name":"82c4f9623df19b4cab7d6254544340dd","width":300,"height":460,"thumbnail":{"url":"np://user.desktop.nicepage.com/Site_88432675/images/thumbnails/82c4f9623df19b4cab7d6254544340dd.jpg","width":163,"height":250},"usages":["497708089"]},{"id":"user-image-c7e5b057dd542654c2620b258005cfd8.jpg","publicUrl":"np://user.desktop.nicepage.com/Site_88432675/images/c7e5b057dd542654c2620b258005cfd8.jpg","size":16106,"hash":"tOsMQeULULVi589Gld9KR9XOe4U=","fileName":"c7e5b057dd542654c2620b258005cfd8.jpg","name":"c7e5b057dd542654c2620b258005cfd8","width":300,"height":310,"thumbnail":{"url":"np://user.desktop.nicepage.com/Site_88432675/images/thumbnails/c7e5b057dd542654c2620b258005cfd8.jpg","width":242,"height":250},"usages":["497708089"]},{"id":"user-image-745bc6698fe83de496040c6cbfffe111.jpg","publicUrl":"np://user.desktop.nicepage.com/Site_88432675/images/745bc6698fe83de496040c6cbfffe111.jpg","size":157702,"hash":"7p4i8m2gtTFs5U/kpgrRxOcwOCM=","fileName":"745bc6698fe83de496040c6cbfffe111.jpg","name":"745bc6698fe83de496040c6cbfffe111","width":889,"height":667,"thumbnail":{"url":"np://user.desktop.nicepage.com/Site_88432675/images/thumbnails/745bc6698fe83de496040c6cbfffe111.jpg","width":250,"height":188},"usages":["497708089"]},{"id":"user-image-dc964501e8f53987a2194258682979f3.jpg","publicUrl":"np://user.desktop.nicepage.com/Site_88432675/images/dc964501e8f53987a2194258682979f3.jpg","size":257771,"hash":"wqT39lmxSIboCfqRRbfUO92xFw0=","fileName":"dc964501e8f53987a2194258682979f3.jpg","name":"dc964501e8f53987a2194258682979f3","width":667,"height":889,"thumbnail":{"url":"np://user.desktop.nicepage.com/Site_88432675/images/thumbnails/dc964501e8f53987a2194258682979f3.jpg","width":188,"height":250},"usages":["497708089","258308909"]},{"id":"user-image-893f4f8cd6e7d442608966753fc5a294.jpg","publicUrl":"np://user.desktop.nicepage.com/Site_88432675/images/893f4f8cd6e7d442608966753fc5a294.jpg","size":348164,"hash":"w1ih+r9r0PVN/Nk07ucnThbZJno=","fileName":"893f4f8cd6e7d442608966753fc5a294.jpg","name":"893f4f8cd6e7d442608966753fc5a294","width":960,"height":640,"thumbnail":{"url":"np://user.desktop.nicepage.com/Site_88432675/images/thumbnails/893f4f8cd6e7d442608966753fc5a294.jpg","width":250,"height":167},"usages":["105252235"]},{"id":"user-image-84170b06e64f0226aba63b9238e32ac7.jpg","publicUrl":"np://user.desktop.nicepage.com/Site_88432675/images/84170b06e64f0226aba63b9238e32ac7.jpg","size":256112,"hash":"mVPiJMa4SoArqlH4h1lt4UXjxgY=","fileName":"84170b06e64f0226aba63b9238e32ac7.jpg","name":"84170b06e64f0226aba63b9238e32ac7","width":960,"height":633,"thumbnail":{"url":"np://user.desktop.nicepage.com/Site_88432675/images/thumbnails/84170b06e64f0226aba63b9238e32ac7.jpg","width":250,"height":165},"usages":["69582749"]},{"id":"user-image-339b0ba66c8c2b29e5d1b49f8d7f4988.jpg","publicUrl":"np://user.desktop.nicepage.com/Site_88432675/images/339b0ba66c8c2b29e5d1b49f8d7f4988.jpg","size":159899,"hash":"kT8ojkZuBd7AbFn4RkxjkP+RSdg=","fileName":"339b0ba66c8c2b29e5d1b49f8d7f4988.jpg","name":"339b0ba66c8c2b29e5d1b49f8d7f4988","width":667,"height":889,"thumbnail":{"url":"np://user.desktop.nicepage.com/Site_88432675/images/thumbnails/339b0ba66c8c2b29e5d1b49f8d7f4988.jpg","width":188,"height":250},"usages":["536422896"]},{"id":"user-image-95fff42efa005b644e6ac135fa794eec.jpg","publicUrl":"np://user.desktop.nicepage.com/Site_88432675/images/95fff42efa005b644e6ac135fa794eec.jpg","size":158211,"hash":"NBz2AcuY7wLHZ0oDt7wQEqmkc6M=","fileName":"95fff42efa005b644e6ac135fa794eec.jpg","name":"95fff42efa005b644e6ac135fa794eec","width":960,"height":614,"thumbnail":{"url":"np://user.desktop.nicepage.com/Site_88432675/images/thumbnails/95fff42efa005b644e6ac135fa794eec.jpg","width":250,"height":160},"usages":["258308909"]},{"id":"user-image-9e8340c2f96f4dce6705fa186f4effac.jpg","publicUrl":"np://user.desktop.nicepage.com/Site_88432675/images/9e8340c2f96f4dce6705fa186f4effac.jpg","size":63187,"hash":"0JduD13AmIrsuDixVu0YUMVXrNk=","fileName":"9e8340c2f96f4dce6705fa186f4effac.jpg","name":"9e8340c2f96f4dce6705fa186f4effac","width":960,"height":470,"thumbnail":{"url":"np://user.desktop.nicepage.com/Site_88432675/images/thumbnails/9e8340c2f96f4dce6705fa186f4effac.jpg","width":250,"height":122},"usages":["490912730"]},{"id":"user-image-a5e16e09c2912359b597122847c9f49d.jpg","publicUrl":"np://user.desktop.nicepage.com/Site_88432675/images/a5e16e09c2912359b597122847c9f49d.jpg","size":37611,"hash":"Sy/NjY54qqvDTV5KE0PnsNj9dQU=","fileName":"a5e16e09c2912359b597122847c9f49d.jpg","name":"a5e16e09c2912359b597122847c9f49d","width":960,"height":480,"thumbnail":{"url":"np://user.desktop.nicepage.com/Site_88432675/images/thumbnails/a5e16e09c2912359b597122847c9f49d.jpg","width":250,"height":125},"usages":["279178552"]}]